<?xml version="1.0" encoding="utf-8"?><feed xmlns="http://www.w3.org/2005/Atom" ><generator uri="https://jekyllrb.com/" version="3.8.7">Jekyll</generator><link href="http://localhost:4000/feed.xml" rel="self" type="application/atom+xml" /><link href="http://localhost:4000/" rel="alternate" type="text/html" /><updated>2020-07-31T17:17:59+08:00</updated><id>http://localhost:4000/feed.xml</id><title type="html">Udit Raj Sabharwal</title><subtitle>Udit Raj Sabharwal</subtitle><entry><title type="html">Cracking CLAT</title><link href="http://localhost:4000/Cracking-CLAT/" rel="alternate" type="text/html" title="Cracking CLAT" /><published>2020-07-19T22:10:00+08:00</published><updated>2020-07-19T22:10:00+08:00</updated><id>http://localhost:4000/Cracking%20CLAT</id><content type="html" xml:base="http://localhost:4000/Cracking-CLAT/">&lt;p&gt;I gave the CLAT way back in 2012. It’s been more than 5 years. The CLAT is now online and has negative marking. But there’s that old saying - The more things change, the more they remain the same.&lt;/p&gt;

&lt;p&gt;As CLAT rolls out another edition and I get multiple requests to answer questions related to CLAT, I decided to pen this post - which is aptly titled - The Ultimate Guide to Cracking the CLAT.&lt;/p&gt;

&lt;p&gt;Four different 12 graders got together and brainstormed career options post giving a disastrous board examination in the science stream. They reverse engineered the CLAT in a span of 15 days and ended up in WBNUJS, GNLU and Jindal Law School respectively. Here’s what they did:&lt;/p&gt;

&lt;p&gt;&lt;strong&gt;Join a coaching institute&lt;/strong&gt;: Doesn’t matter which one. Leverage the Quantitative Aptitude, Logical Reasoning, Legal Aptitude and Verbal material to the fullest. Read, Revise, Repeat (3 Times)&lt;/p&gt;

&lt;p&gt;&lt;strong&gt;Read a newspaper&lt;/strong&gt;: The HINDU preferably. The sports section or Delhi Times does not count as reading&lt;/p&gt;

&lt;p&gt;&lt;strong&gt;Lick the Pratiyogita Darpans&lt;/strong&gt;: These are your Bibles. Read the 12 editions from May to May. If you cover these, General Knowledge is covered.&lt;/p&gt;

&lt;p&gt;&lt;strong&gt;Get Inspired and Leverage Compendiums&lt;/strong&gt;: CLATGyan. Single Website that is overloaded with content. They have monthly compendiums and an annual compendium. The annual compendium reinstates everything you have read from the Pratiyogita Darpans. They also have a plethora of articles from current law students and their journey of cracking the CLAT.&lt;/p&gt;

&lt;p&gt;&lt;strong&gt;Get your hands on Arihant and Universal’s law guide&lt;/strong&gt;: Universal has a fairly decent Quantitative and static GK section while Arihant covers the other areas. You don’t need to do these books cover to cover but solve the exercises whenever you are low and need to feel good about CLAT preparation.&lt;/p&gt;

&lt;p&gt;&lt;strong&gt;MOCKS&lt;/strong&gt;: We used two mock tests. One from Pratham and another from CLATGyan. The CLATGyan mocks made us cry. But we managed to take them in our stride and come out on top.&lt;/p&gt;

&lt;p&gt;&lt;strong&gt;Previous Years Papers&lt;/strong&gt;: There is a rare book by Universal that publishes questions from the Previous Years Papers of all Law Entrances. One of my friends had to call fifteen shops before he found it. But what he found was indeed gold. My entire legal section, I was able to ace because questions were virtually repeated with not even a change in the options. So do these religiously.&lt;/p&gt;

&lt;p&gt;&lt;strong&gt;Read a John Grisham&lt;/strong&gt;: Every fortnight race though a novel as you would read a Chetan Bhagat to truly imbibe the profession you want to step into.
Hope this helps!&lt;/p&gt;</content><author><name>Udit Raj Sabharwal</name></author><category term="Teacher's Reference Guides" /><category term="Teacher's reference Guides" /><summary type="html">I gave the CLAT way back in 2012. It’s been more than 5 years. The CLAT is now online and has negative marking. But there’s that old saying - The more things change, the more they remain the same.</summary></entry><entry><title type="html">Cracking SSCBS</title><link href="http://localhost:4000/Cracking-SSCBS/" rel="alternate" type="text/html" title="Cracking SSCBS" /><published>2020-07-19T22:10:00+08:00</published><updated>2020-07-19T22:10:00+08:00</updated><id>http://localhost:4000/Cracking%20SSCBS</id><content type="html" xml:base="http://localhost:4000/Cracking-SSCBS/">&lt;p&gt;I cracked the SSCBS entrance way back in 2012. Yup! Five years, that’s how long it has been. With barely 80 percent in Class XII coupled with Science and Economics, I was literally waging a war to make sure I got an undergraduate education.&lt;/p&gt;

&lt;p&gt;Eventually it worked out all fine. I ended up at SSCBS and spent three years in Jhilmil which virtually transformed my life.&lt;/p&gt;

&lt;p&gt;Here’s to anyone hoping to live that dream:&lt;/p&gt;

&lt;p&gt;&lt;strong&gt;Join a Test Prep&lt;/strong&gt;: I went to Pratham and believe me it was worth it. Obviously the choice is up to you. But choose an institute based on past record. Always get in touch with ex-students cause they are the best judge. Why test prep? Imagine running a race on a rocky surface with spikes. Everyone else has running shoes and you are running bare feet. The running shoes are test prep. They put you on a similar&amp;lt; if not higher pedestal than your peers. Not saying that you can’t crack the exam without test prep, just asking you to choose wisely.&lt;/p&gt;

&lt;p&gt;&lt;strong&gt;Work your ass off&lt;/strong&gt;: There are four sections. Verbal, Quantitative Aptitude, Logical Reasoning and General Awareness. Make sure you ace these sections. Weak in math. Not a problem. Make sure you get a passing grade in one section and ace the remainders. Remember practice, practice, practice.&lt;/p&gt;

&lt;p&gt;&lt;strong&gt;Books&lt;/strong&gt;: Here’s the thing. If you join a test prep – you are covered. But in case you want to venture out into the unknown. Grab a copy of RS Aggarwal’s Quantitative Aptitude, Verbal and Non Verbal Reasoning and Arihant’s BBA entrance book&lt;/p&gt;

&lt;p&gt;&lt;strong&gt;Newspaper&lt;/strong&gt;: You need to give an interview or a group discussion (depending on the mood of the university) and bored faculty members get a kick out of troubling the bonkers out of you. So spend time with a newspaper as if it were your boyfriend or girlfriend and that relationship will turn out just fine.&lt;/p&gt;

&lt;p&gt;&lt;strong&gt;Mocks and Previous Years&lt;/strong&gt;: A mock gives you an indication of where you stand. Set up a proper test environment and give it religiously and analyze the living hell out of that mock so that you don’t repeat your mistakes. Also, get your hands on the previous year papers. These papers are going to give you an indication of what areas you need to focus on. They might not be readily available and you might need to skim them out of seniors.&lt;/p&gt;

&lt;p&gt;&lt;strong&gt;Live the dream&lt;/strong&gt;: Watch Billions or House of Lies or Wall Street and Wall Street 2 or Silicon Valley and you will feel inspired to get a degree and become the real life version of one of these fictional characters. Alternatively, read about Elon Musk, Steve Jobs and the like&lt;/p&gt;

&lt;p&gt;For a complete list of all my answers about SSCBS, &lt;a href=&quot;https://www.quora.com/profile/Udit-Sabharwal-1/answers/Shaheed-Sukhdev-College-of-Business-Studies&quot;&gt;Click Here&lt;/a&gt;&lt;/p&gt;

&lt;p&gt;Here’s a short video which summarizes what you should be doing in the last week before the exam! All the best&lt;/p&gt;

&lt;iframe width=&quot;656&quot; height=&quot;369&quot; src=&quot;https://www.youtube.com/embed/rq1Sq3u22RA&quot; frameborder=&quot;0&quot; allow=&quot;accelerometer; autoplay; encrypted-media; gyroscope; picture-in-picture&quot; allowfullscreen=&quot;&quot;&gt;&lt;/iframe&gt;</content><author><name>Udit Raj Sabharwal</name></author><category term="Teacher's Reference Guides" /><category term="quizzing" /><summary type="html">I cracked the SSCBS entrance way back in 2012. Yup! Five years, that’s how long it has been. With barely 80 percent in Class XII coupled with Science and Economics, I was literally waging a war to make sure I got an undergraduate education.</summary></entry><entry><title type="html">Trivial Pursuit 1</title><link href="http://localhost:4000/Trivial-Pursuit-1/" rel="alternate" type="text/html" title="Trivial Pursuit 1" /><published>2020-07-19T22:10:00+08:00</published><updated>2020-07-19T22:10:00+08:00</updated><id>http://localhost:4000/Trivial-Pursuit-1</id><content type="html" xml:base="http://localhost:4000/Trivial-Pursuit-1/">&lt;p&gt;Ever since high school, I have been deeply interested in quizzing. Over the years, my interest has shifted from sitting for a quiz to actually hosting one. Through Trivial Pursuit, I set weekly 10-question quizzes spanning a range of topics. Answers are posted in the subsequent week with a new set.&lt;/p&gt;

&lt;p&gt;This weeks Trivial Pursuit is as follows:&lt;/p&gt;

&lt;iframe src=&quot;//www.slideshare.net/slideshow/embed_code/key/4AsZJ2HSUpLKui&quot; width=&quot;595&quot; height=&quot;485&quot; frameborder=&quot;0&quot; marginwidth=&quot;0&quot; marginheight=&quot;0&quot; scrolling=&quot;no&quot; style=&quot;border:1px solid #CCC; border-width:1px; margin-bottom:5px; max-width: 100%;&quot; allowfullscreen=&quot;&quot;&gt; &lt;/iframe&gt;
&lt;div style=&quot;margin-bottom:5px&quot;&gt; &lt;strong&gt; &lt;a href=&quot;//www.slideshare.net/uditsabharwal93/trivial-pursuit-volume-i&quot; title=&quot;Trivial Pursuit Volume I&quot; target=&quot;_blank&quot;&gt;
&lt;/a&gt;&lt;/strong&gt;&lt;/div&gt;</content><author><name>Udit Raj Sabharwal</name></author><category term="Trivial Pursuit" /><category term="quizzing" /><summary type="html">Ever since high school, I have been deeply interested in quizzing. Over the years, my interest has shifted from sitting for a quiz to actually hosting one. Through Trivial Pursuit, I set weekly 10-question quizzes spanning a range of topics. Answers are posted in the subsequent week with a new set.</summary></entry></feed>